"Payment Information","Payment Information"
Alias,Alias
"Payment method","Payment method"
"Credit Card Type","Credit Card Type"
"Card Number/Account Number","Card Number/Account Number"
"Expiration Date","Expiration Date"
"Card Holder","Card Holder"
State,State
Action,Action
Delete,Delete
Save,Save
"Categories configuration","Categories configuration"
"Categorie's %1 configuration","Categorie's %1 configuration"
"Kwixo category","Kwixo category"
"Apply to sub-categories","Apply to sub-categories"
"Resend payment information","Resend payment information"
"Refresh payment status","Refresh payment status"
AccountNo,AccountNo
Brand,Brand
Title,Title
"Add Brand","Add Brand"
"Add Method","Add Method"
"With this setting the customer will be redirected to the Ingenico ePayments paypage with the look and feel of your shop. </br> The template used can be seen here: </br>","With this setting the customer will be redirected to the Ingenico ePayments paypage with the look and feel of your shop. </br> The template used can be seen here: </br>"
"Incoming Ingenico ePayments Feedback\n\nRequest Path: %1\nParams: %2\n\nOrder not valid\n","Incoming Ingenico ePayments Feedback\n\nRequest Path: %1\nParams: %2\n\nOrder not valid\n"
"Order is not valid","Order is not valid"
"Incoming Ingenico ePayments Feedback\n\nRequest Path: %1\nParams: %2\n","Incoming Ingenico ePayments Feedback\n\nRequest Path: %1\nParams: %2\n"
"Hash is not valid","Hash is not valid"
"Log file could not be retrieved.","Log file could not be retrieved."
"Payment information has been resend to customer.","Payment information has been resend to customer."
"Payment information could not be sent.","Payment information could not be sent."
"Incoming accepted Ingenico ePayments Alias Feedback\n\nRequest Path: %1\nParams: %2\n","Incoming accepted Ingenico ePayments Alias Feedback\n\nRequest Path: %1\nParams: %2\n"
"Removed alias %1.","Removed alias %1."
"Could not remove alias %1.","Could not remove alias %1."
"Incoming exception Ingenico ePayments Alias Feedback\n\nRequest Path: %1\nParams: %2\n","Incoming exception Ingenico ePayments Alias Feedback\n\nRequest Path: %1\nParams: %2\n"
"Data succesfully deleted.","Data succesfully deleted."
"Shipping configuration","Shipping configuration"
"My payment information","My payment information"
"Removed payment information %1.","Removed payment information %1."
"Could not remove payment information %1.","Could not remove payment information %1."
"'Exception in acceptAction: ' .","'Exception in acceptAction: ' ."
"Your payment information was declined. Please select another payment method.","Your payment information was declined. Please select another payment method."
"Hash not valid","Hash not valid"
"Not possible to reenter the payment details for order %1","Not possible to reenter the payment details for order %1"
"invalid status provided","invalid status provided"
"Warning, transaction count is %1 instead of 1 for the Payid '%2', order '%3' and Operation '%4'.","Warning, transaction count is %1 instead of 1 for the Payid '%2', order '%3' and Operation '%4'."
"Ingenico ePayments Payment failed","Ingenico ePayments Payment failed"
"Successfully added Kwixo category mapping","Successfully added Kwixo category mapping"
"Invalid form data provided","Invalid form data provided"
"Invalid id provided","Invalid id provided"
"Invalid kwixo category provided","Invalid kwixo category provided"
"Invalid category provided","Invalid category provided"
"Module Secureset: %1","Module Secureset: %1"
"Trying again with non-utf8 secureset","Trying again with non-utf8 secureset"
"Checking hashes\nHashed String by Magento: %1\nHashed String by Ingenico ePayments: %2","Checking hashes\nHashed String by Magento: %1\nHashed String by Ingenico ePayments: %2"
"Order can not be saved.","Order can not be saved."
"Process outgoing transaction","Process outgoing transaction"
"A technical problem arose during payment process, giving unpredictable result. Ingenico ePayments status: %1.","A technical problem arose during payment process, giving unpredictable result. Ingenico ePayments status: %1."
"An unknown exception was thrown in the payment process. Ingenico ePayments status: %1.","An unknown exception was thrown in the payment process. Ingenico ePayments status: %1."
"Waiting for payment. Ingenico ePayments status: %1.","Waiting for payment. Ingenico ePayments status: %1."
"Authorization uncertain. Ingenico ePayments status: %1.","Authorization uncertain. Ingenico ePayments status: %1."
"Processed by Ingenico ePayments. Payment ID: %1. Ingenico ePayments status: %2.","Processed by Ingenico ePayments. Payment ID: %1. Ingenico ePayments status: %2."
"Unknown Ingenico ePayments state for this order. Please check Ingenico ePayments backend for this order.","Unknown Ingenico ePayments state for this order. Please check Ingenico ePayments backend for this order."
"$salesObject is not a quote or an order instance","$salesObject is not a quote or an order instance"
"Billing address contains invalid data","Billing address contains invalid data"
"Shipping address contains invalid data","Shipping address contains invalid data"
"Ingenico ePayments server is temporarily not available, please try again later.","Ingenico ePayments server is temporarily not available, please try again later."
"Direct Link Request/Response in Ingenico ePayments \n\nRequest: %1\nResponse: %2\nMagento-URL: %3\nAPI-URL: %4","Direct Link Request/Response in Ingenico ePayments \n\nRequest: %1\nResponse: %2\nMagento-URL: %3\nAPI-URL: %4"
"An error occured during the Ingenico ePayments request. Your action could not be executed.","An error occured during the Ingenico ePayments request. Your action could not be executed."
"Invalid payment information","Invalid payment information"
"An error occured during the Ingenico ePayments request. Your action could not be executed. Message: ""%1"".","An error occured during the Ingenico ePayments request. Your action could not be executed. Message: ""%1""."
"operation %1 not supported","operation %1 not supported"
"File ' . . ' does not exist or is not readable.","File ' . . ' does not exist or is not readable."
"Function fseek on file ' . . ' failed.","Function fseek on file ' . . ' failed."
"Order has been authorized, but not captured/paid yet.","Order has been authorized, but not captured/paid yet."
"--Please Select--","--Please Select--"
"Miscellaneous Countries","Miscellaneous Countries"
"You already sent a void request. Please wait until the void request will be acknowledged.","You already sent a void request. Please wait until the void request will be acknowledged."
"Order can no longer be voided. You have to refund the order online.","Order can no longer be voided. You have to refund the order online."
"Invalid payment information provided!","Invalid payment information provided!"
"The data you have provided can not be processed by Ingenico ePayments","The data you have provided can not be processed by Ingenico ePayments"
"Please make sure that the displayed data is correct.","Please make sure that the displayed data is correct."
"Please make sure that your street and house number are correct.","Please make sure that your street and house number are correct."
"Register Order %1 in Ingenico ePayments \n\nAll form fields: %2\nIngenico ePayments String to hash: %3\nHash: %4","Register Order %1 in Ingenico ePayments \n\nAll form fields: %2\nIngenico ePayments String to hash: %3\nHash: %4"
"Customer got redirected to Ingenico ePayments for %1. Awaiting feedback.","Customer got redirected to Ingenico ePayments for %1. Awaiting feedback."
"The order can not be accepted via Magento. For the actual status of the payment check the Ingenico ePayments backend.","The order can not be accepted via Magento. For the actual status of the payment check the Ingenico ePayments backend."
"Order has been canceled permanently in Magento. Changes in Ingenico ePayments platform will no longer be considered.","Order has been canceled permanently in Magento. Changes in Ingenico ePayments platform will no longer be considered."
"There is already one creditmemo in the queue. The Creditmemo will be created automatically as soon as Ingenico ePayments sends an acknowledgement.","There is already one creditmemo in the queue. The Creditmemo will be created automatically as soon as Ingenico ePayments sends an acknowledgement."
"The order was cancelled manually. The Ingenico ePayments-state is 0 or null.","The order was cancelled manually. The Ingenico ePayments-state is 0 or null."
"Please use void to cancel the operation.","Please use void to cancel the operation."
"Status %1 can not be voided.","Status %1 can not be voided."
"You already sent a capture request. Please wait until the capture request is acknowledged.","You already sent a capture request. Please wait until the capture request is acknowledged."
"There is one void request waiting. Please wait until this request is acknowledged.","There is one void request waiting. Please wait until this request is acknowledged."
"Validation failed %1","Validation failed %1"
"Can not handle status %1.","Can not handle status %1."
"%1 is not a authorize status!","%1 is not a authorize status!"
"Please have a look in Ingenico ePayments backend for more information.","Please have a look in Ingenico ePayments backend for more information."
"Payment failed because the authorization was declined! Please choose another payment method.","Payment failed because the authorization was declined! Please choose another payment method."
"Order does not allow to be canceled.","Order does not allow to be canceled."
"%1 is not a capture status!","%1 is not a capture status!"
"%1 is not a refund status!","%1 is not a refund status!"
"Refund refused by Ingenico ePayments.","Refund refused by Ingenico ePayments."
"Could not cancel creditmemo","Could not cancel creditmemo"
"%1 is not a special status!","%1 is not a special status!"
"Customer redirected for 3DS authorization.","Customer redirected for 3DS authorization."
"Customer received your payment instructions, waiting for actual payment.","Customer received your payment instructions, waiting for actual payment."
"Ingenico ePayments status 0, the action failed.","Ingenico ePayments status 0, the action failed."
"Received Ingenico ePayments feedback status update with final status %1.","Received Ingenico ePayments feedback status update with final status %1."
"Received Ingenico ePayments feedback status update with intermediate status %1.","Received Ingenico ePayments feedback status update with intermediate status %1."
"Received Ingenico ePayments feedback status update with refused status %1.","Received Ingenico ePayments feedback status update with refused status %1."
"Received Ingenico ePayments feedback status update with suspected fraud status %1.","Received Ingenico ePayments feedback status update with suspected fraud status %1."
"%1 is not a void status!","%1 is not a void status!"
"Received Ingenico ePayments status %1. Order cancelled.","Received Ingenico ePayments status %1. Order cancelled."
"Order could not be found.","Order could not be found."
value,value
"Food & gastronomy","Food & gastronomy"
"Car & Motorbike","Car & Motorbike"
"Culture & leisure","Culture & leisure"
"Home & garden","Home & garden"
Appliances,Appliances
"Auctions and bulk purchases","Auctions and bulk purchases"
"Flowers & gifts","Flowers & gifts"
"Computer & software","Computer & software"
"Health & beauty","Health & beauty"
"Services for individuals","Services for individuals"
"Services for professionals","Services for professionals"
Sports,Sports
"Clothing & accessories","Clothing & accessories"
"Travel & tourism","Travel & tourism"
"Hifi, photo & video","Hifi, photo & video"
"Telephony & communication","Telephony & communication"
"Jewelry & precious metals","Jewelry & precious metals"
"Baby articles and accessories","Baby articles and accessories"
"Sound & light","Sound & light"
"--Please select--","--Please select--"
"Pick up at merchant","Pick up at merchant"
"Collection point (Kiala...)","Collection point (Kiala...)"
"Collect at airport, train station or travel agency","Collect at airport, train station or travel agency"
"Transporter (La Poste, UPS...)","Transporter (La Poste, UPS...)"
Download,Download
%1,%1
"quote id","quote id"
"order id","order id"
Authorization,Authorization
"Direct Sale","Direct Sale"
"Horizontally grouped logo with group name on left","Horizontally grouped logo with group name on left"
"Horizontally grouped logo with no group name","Horizontally grouped logo with no group name"
"Verical list","Verical list"
"Ingenico ePayments - Redirect mode","Ingenico ePayments - Redirect mode"
"Magento - internal shop template","Magento - internal shop template"
"Ingenico ePayments - iFrame mode","Ingenico ePayments - iFrame mode"
"Ingenico ePayments - Dynamic template","Ingenico ePayments - Dynamic template"
"'%1' .","'%1' ."
"No update available from Ingenico ePayments.","No update available from Ingenico ePayments."
"Ingenico ePayments status successfully updated","Ingenico ePayments status successfully updated"
UTF-8,UTF-8
Other,Other
"Can not save empty title or PM fields","Can not save empty title or PM fields"
"PM and Brand combination must be unique","PM and Brand combination must be unique"
SHA-1,SHA-1
SHA-256,SHA-256
SHA-512,SHA-512
"Brands must be unique","Brands must be unique"
Left,Left
Right,Right
Hidden,Hidden
"value exceeds %d characters","value exceeds %d characters"
"Payment has been authorized by Ingenico ePayments, but not yet captured.","Payment has been authorized by Ingenico ePayments, but not yet captured."
"Are you sure you want to cancel this order? Warning: Please check the payment status in the back-office of Ingenico ePayments before. By cancelling this order you won't be able to update the status in Magento anymore.","Are you sure you want to cancel this order? Warning: Please check the payment status in the back-office of Ingenico ePayments before. By cancelling this order you won't be able to update the status in Magento anymore."
"Collapse All","Collapse All"
"Expand All","Expand All"
"This operation can take a long time","This operation can take a long time"
"Please confirm site switching. All data that hasn't been saved will be lost.","Please confirm site switching. All data that hasn't been saved will be lost."
"Are you sure you want to delete this category?","Are you sure you want to delete this category?"
"Please use this method for the following brands only:","Please use this method for the following brands only:"
"Payment using 3D secure is not supported.","Payment using 3D secure is not supported."
Country,Country
"Shipping method type","Shipping method type"
"Kwixo shipping type","Kwixo shipping type"
"Shipping speed (in hours)","Shipping speed (in hours)"
"Shipping method details","Shipping method details"
"shipping type not valid","shipping type not valid"
"shipping speed not valid","shipping speed not valid"
"shipping details not valid","shipping details not valid"
"Ingenico ePayments Transaction ID","Ingenico ePayments Transaction ID"
"Ingenico ePayments payment id","Ingenico ePayments payment id"
"Payment ID: %1","Payment ID: %1"
"Status: %1","Status: %1"
"Acceptance: %1","Acceptance: %1"
"Scoring Value: %1","Scoring Value: %1"
"This might be a fraud attempt. Please check details for more information.","This might be a fraud attempt. Please check details for more information."
"No scoring information available","No scoring information available"
"Device: %1","Device: %1"
"Mobilemode: %1","Mobilemode: %1"
"Scoring Category: %1","Scoring Category: %1"
"Alias: %1","Alias: %1"
"Only offline refund is available, since Ingenico ePayments transaction is already closed.","Only offline refund is available, since Ingenico ePayments transaction is already closed."
"Last refund (Close payment transaction)","Last refund (Close payment transaction)"
"If this checkbox is marked, the refund will be final: the transaction will be closed and it will not be possible to perform any further refund for this transaction.","If this checkbox is marked, the refund will be final: the transaction will be closed and it will not be possible to perform any further refund for this transaction."
"Don't forget to set your shipping method to use KWIXO in the best way","Don't forget to set your shipping method to use KWIXO in the best way"
"Kwixo shipping setting","Kwixo shipping setting"
"Kwixo Category Mapping","Kwixo Category Mapping"
"Please note that a proper category mapping is necessary in order to use this payment method","Please note that a proper category mapping is necessary in order to use this payment method"
"Extension Version","Extension Version"
Documentation,Documentation
English,English
German,German
"First Aid - FAQ","First Aid - FAQ"
"Need support? Contact Ingenico ePayments:","Need support? Contact Ingenico ePayments:"
devprefix,devprefix
"Download Logfile","Download Logfile"
"You did not save any payment information, yet.","You did not save any payment information, yet."
Back,Back
"Payment failed. Please select another payment method.","Payment failed. Please select another payment method."
"Payment failed. Please review your input or select another payment method.","Payment failed. Please review your input or select another payment method."
"This is a required field.","This is a required field."
"Credit Card","Credit Card"
"expires: %1","expires: %1"
"Name on Card","Name on Card"
"Credit Card Number","Credit Card Number"
"Credit Card Type:","Credit Card Type:"
"Card Verification Number","Card Verification Number"
"Enter new credit card data...","Enter new credit card data..."
"You will be redirected to Ingenico ePayments website when you place an order.","You will be redirected to Ingenico ePayments website when you place an order."
"Account number must contain numbers only.","Account number must contain numbers only."
"Bank code must contain numbers only.","Bank code must contain numbers only."
"Account holder","Account holder"
IBAN,IBAN
BIC,BIC
"Account number","Account number"
"Bank code","Bank code"
country,country
"Please select one of the options.","Please select one of the options."
kwixo_apres_reception_description,kwixo_apres_reception_description
kwixo_payement_en_1_fois_description,kwixo_payement_en_1_fois_description
paiement_en_plusiers_fois_description,paiement_en_plusiers_fois_description
"By choosing this payment method the choice of the concrete payment method will be on Ingenico ePayments side.","By choosing this payment method the choice of the concrete payment method will be on Ingenico ePayments side."
"Your details","Your details"
"Please wait a moment while the Ingenico ePayments payment page is loading.","Please wait a moment while the Ingenico ePayments payment page is loading."
"Please wait a moment. This page will transfer your data to Ingenico ePayments payment gateway in a few seconds.","Please wait a moment. This page will transfer your data to Ingenico ePayments payment gateway in a few seconds."
"* Required Fields","* Required Fields"
"Dear %customer_name,","Dear %customer_name,"
"we could not yet register a payment transaction to your order. You can review the payment informations to your order <a href=""%payment_link"">here</a>.","we could not yet register a payment transaction to your order. You can review the payment informations to your order <a href=""%payment_link"">here</a>."
"Should you already have ordered the transaction, please consider this e-mail as irrelevant.","Should you already have ordered the transaction, please consider this e-mail as irrelevant."
"If you have any questions, please feel free to contact us at <a href=""mailto:%store_email"" style=""color:#1E7EC8;"">%store_email</a>","If you have any questions, please feel free to contact us at <a href=""mailto:%store_email"" style=""color:#1E7EC8;"">%store_email</a>"
"or by phone at <a href=""tel:%store_phone"">%store_phone</a>.","or by phone at <a href=""tel:%store_phone"">%store_phone</a>."
"Haben Sie nochmals recht herzlichen Dank, <strong>%store_frontName</strong>","Haben Sie nochmals recht herzlichen Dank, <strong>%store_frontName</strong>"
"under following <a href='%payment_link'>link</a> you can pay for your order.","under following <a href='%payment_link'>link</a> you can pay for your order."
"If you have any questions, please feel free to contact us at: <a href='mailto:%store_email' style='color:#1E7EC8;'>%store_email</a>","If you have any questions, please feel free to contact us at: <a href='mailto:%store_email' style='color:#1E7EC8;'>%store_email</a>"
"Thank you for your order, <strong>%store_frontName</strong>","Thank you for your order, <strong>%store_frontName</strong>"
"Name on Card:","Name on Card:"
"Credit Card Number:","Credit Card Number:"
"Expiration Date:","Expiration Date:"
"Account owner:","Account owner:"
IBAN:,IBAN:
"Place Order","Place Order"
"Enter a new bank account...","Enter a new bank account..."
"Please select a brand","Please select a brand"
"Warning message","Warning message"
"Your payment data is ready to be processed by Ingenico ePayments. You can {0} reset it {1} or still select another payment method.","Your payment data is ready to be processed by Ingenico ePayments. You can {0} reset it {1} or still select another payment method."
"Your payment data could not be saved by Ingenico ePayments. Please {0} retry {1} or select another payment method.","Your payment data could not be saved by Ingenico ePayments. Please {0} retry {1} or select another payment method."
"Please wait, while we load the Ingenico ePayments payment form.","Please wait, while we load the Ingenico ePayments payment form."
"Please choose one of the options.","Please choose one of the options."
"Review & Payments","Review & Payments"
"Payment Services","Payment Services"
"Ingenico ePayments Information","Ingenico ePayments Information"
"Ingenico ePayments Account","Ingenico ePayments Account"
PSPID,PSPID
"PSPID is a case sensitive field","PSPID is a case sensitive field"
"Hash algorithm","Hash algorithm"
"This must be identical to the value in the Ingenico ePayments backend in section <em>Technical information</em> on tab <em>Global security parameters</em>.","This must be identical to the value in the Ingenico ePayments backend in section <em>Technical information</em> on tab <em>Global security parameters</em>."
"SHA-IN Pass phrase","SHA-IN Pass phrase"
"Refer to Ingenico ePayment's backend in section <em>Technical Information</em> on tab <em>Data and origin verification</em>.","Refer to Ingenico ePayment's backend in section <em>Technical Information</em> on tab <em>Data and origin verification</em>."
"This must be identical to the value in the Ingenico ePayments backend in section <em>Technical information</em> on tab <em>Data and origin verification</em>.","This must be identical to the value in the Ingenico ePayments backend in section <em>Technical information</em> on tab <em>Data and origin verification</em>."
"SHA-OUT Pass phrase","SHA-OUT Pass phrase"
"Refer to Ingenico ePayments's backend in section <em>Technical Information</em> on tab <em>Transaction feedback</em>.","Refer to Ingenico ePayments's backend in section <em>Technical Information</em> on tab <em>Transaction feedback</em>."
"This must be identical to the value in the Ingenico ePayments backend in section <em>Technical information</em> on tab <em>Transaction feedback</em>.","This must be identical to the value in the Ingenico ePayments backend in section <em>Technical information</em> on tab <em>Transaction feedback</em>."
Mode,Mode
"<p id=""ops_mode_comment"" style=""color:red; display:none;"">Please note that, after changing this value, you might also need to update additional fields like API-User and password, PSPID or SHA-IN/OUT pass phrase.</p>","<p id=""ops_mode_comment"" style=""color:red; display:none;"">Please note that, after changing this value, you might also need to update additional fields like API-User and password, PSPID or SHA-IN/OUT pass phrase.</p>"
"Depending on the selection the extension will communicate with the Ingenico ePayments test or production service. Choose custom, if you have to use special urls for the gateway.","Depending on the selection the extension will communicate with the Ingenico ePayments test or production service. Choose custom, if you have to use special urls for the gateway."
"Frontend Gateway URL","Frontend Gateway URL"
"Test url example: https://secure.ogone.com/ncol/test/orderstandard_utf8.asp<br />Production url example: https://secure.ogone.com/ncol/prod/orderstandard_utf8.asp","Test url example: https://secure.ogone.com/ncol/test/orderstandard_utf8.asp<br />Production url example: https://secure.ogone.com/ncol/prod/orderstandard_utf8.asp"
"Alias Gateway URL","Alias Gateway URL"
"Test url example: https://ogone.test.v-psp.com/Tokenization/HostedPage<br />Production url example: https://secure.ogone.com/Tokenization/HostedPage","Test url example: https://ogone.test.v-psp.com/Tokenization/HostedPage<br />Production url example: https://secure.ogone.com/Tokenization/HostedPage"
"DirectLink Gateway URL","DirectLink Gateway URL"
"Test url example: https://secure.ogone.com/ncol/test/maintenancedirect.asp<br />Production url example: https://secure.ogone.com/ncol/prod/maintenancedirect.asp","Test url example: https://secure.ogone.com/ncol/test/maintenancedirect.asp<br />Production url example: https://secure.ogone.com/ncol/prod/maintenancedirect.asp"
"DirectLink Gateway Order URL","DirectLink Gateway Order URL"
"Test url example: https://secure.ogone.com/ncol/test/orderdirect.asp<br />Production url example: https://secure.ogone.com/ncol/prod/orderdirect.asp","Test url example: https://secure.ogone.com/ncol/test/orderdirect.asp<br />Production url example: https://secure.ogone.com/ncol/prod/orderdirect.asp"
"DirectLink Maintenance API URL","DirectLink Maintenance API URL"
"Test url example: https://secure.ogone.com/ncol/test/querydirect.asp<br />Production url example: https://secure.ogone.com/ncol/prod/querydirect.asp","Test url example: https://secure.ogone.com/ncol/test/querydirect.asp<br />Production url example: https://secure.ogone.com/ncol/prod/querydirect.asp"
"API User","API User"
"Special user for API must be created in the Ingenico ePayments backend in section <em>Users</em>.","Special user for API must be created in the Ingenico ePayments backend in section <em>Users</em>."
"API Password","API Password"
"Password which has been set in the Ingenico ePayments backend for above API user.","Password which has been set in the Ingenico ePayments backend for above API user."
"Payment Action","Payment Action"
"This setting will override the configuration in the Ingenico ePayments backend in section <em>Technical information</em> on tab <em>Global transaction parameters</em>.","This setting will override the configuration in the Ingenico ePayments backend in section <em>Technical information</em> on tab <em>Global transaction parameters</em>."
"Send Invoice to Customer","Send Invoice to Customer"
"Payment Template","Payment Template"
"For an easier PCI compliance we recommend redirect mode, iFrame mode or dynamic template with the template hosted on Ingenico ePayments servers.","For an easier PCI compliance we recommend redirect mode, iFrame mode or dynamic template with the template hosted on Ingenico ePayments servers."
"Template Identifier/Url","Template Identifier/Url"
"Enter the TemplateRootId you received from Ingenico ePayments or the url to an external template.","Enter the TemplateRootId you received from Ingenico ePayments or the url to an external template."
"Title of the Ingenico ePayments Template","Title of the Ingenico ePayments Template"
"Background Color of Ingenico ePayments Template","Background Color of Ingenico ePayments Template"
"e.g: white","e.g: white"
"Text Color of the Ingenico ePayments Template","Text Color of the Ingenico ePayments Template"
"e.g: black","e.g: black"
"Table Background Color of the Ingenico ePayments Template","Table Background Color of the Ingenico ePayments Template"
"Table Text Color of the Ingenico ePayments Template","Table Text Color of the Ingenico ePayments Template"
"Show catalog button","Show catalog button"
"Show home button","Show home button"
"Button Background Color of the Ingenico ePayments Template","Button Background Color of the Ingenico ePayments Template"
"Button Text Color of the Ingenico ePayments Template","Button Text Color of the Ingenico ePayments Template"
"Font Family of the Ingenico ePayments Template","Font Family of the Ingenico ePayments Template"
"e.g: Verdana","e.g: Verdana"
"Logo of the Ingenico ePayments Template","Logo of the Ingenico ePayments Template"
"URL/filename of the logo. The URL must be absolute and stored on a secure server.","URL/filename of the logo. The URL must be absolute and stored on a secure server."
"Layout of Payment Methods","Layout of Payment Methods"
"Show Quote ID in the order grid","Show Quote ID in the order grid"
"Submit extra parameters","Submit extra parameters"
"Enable this if you wish to use fraud detection","Enable this if you wish to use fraud detection"
"Only enable this if you wish to use Fraud Detection.","Only enable this if you wish to use Fraud Detection."
"Resend payment information identity","Resend payment information identity"
"Sender identity. See 'Store Email Adresses'.","Sender identity. See 'Store Email Adresses'."
"Resend payment information template","Resend payment information template"
"The email template to use. Choose 'Default Template from Locale' to use Ingenico ePayments extensions default template.","The email template to use. Choose 'Default Template from Locale' to use Ingenico ePayments extensions default template."
"PayPerMail Email Template.","PayPerMail Email Template."
"Enable device fingerprinting","Enable device fingerprinting"
"This functionality will transmit specific customer data as hash to Ingenico ePayments to identify the device from which the transaction was sent can be identified with the highest probability.","This functionality will transmit specific customer data as hash to Ingenico ePayments to identify the device from which the transaction was sent can be identified with the highest probability."
"When enabling this, you still need to request the explicit consent of the customer in the checkout to transmit this data.","When enabling this, you still need to request the explicit consent of the customer in the checkout to transmit this data."
"Timeout for transactions","Timeout for transactions"
"This value specifies the request timeout for that transaction. A value between 30 and 60 is possible.","This value specifies the request timeout for that transaction. A value between 30 and 60 is possible."
"Credit/Debit card Split","Credit/Debit card Split"
"If activated an extra parameter is transmitted to Ingenico ePayments for the Creditcard/Debitcard payment methods.","If activated an extra parameter is transmitted to Ingenico ePayments for the Creditcard/Debitcard payment methods."
"See also <a title='Split credit/debit cards' target='_blank' href='https://payment-services.ingenico.com/int/en/ogone/support/guides/integration%20guides/split-credit-debit-cards'>Ingenico ePayments documentation</a>.","See also <a title='Split credit/debit cards' target='_blank' href='https://payment-services.ingenico.com/int/en/ogone/support/guides/integration%20guides/split-credit-debit-cards'>Ingenico ePayments documentation</a>."
Debug,Debug
"This will log requests and responses in /var/log/ops.log","This will log requests and responses in /var/log/ops.log"
"Make sure the global Magento logging is also enabled.","Make sure the global Magento logging is also enabled."
"Ingenico ePayments Dc","Ingenico ePayments Dc"
Enabled,Enabled
"Sort Order","Sort Order"
"Card Types","Card Types"
"Enable redirect payment for all card types","Enable redirect payment for all card types"
"If set to <em>Yes></em>, customers will be redirected to the external Ingenico ePayments payment page.","If set to <em>Yes></em>, customers will be redirected to the external Ingenico ePayments payment page."
"Enable inline payment for these card types","Enable inline payment for these card types"
"For the selected card types, the customer can enter the credit card details directly in the checkout.","For the selected card types, the customer can enter the credit card details directly in the checkout."
"Enable 3D secure","Enable 3D secure"
"If the customer's credit card supports 3D Secure, he will be redirected to an external page to enter his password.","If the customer's credit card supports 3D Secure, he will be redirected to an external page to enter his password."
"Enable for backend","Enable for backend"
"This sets if this payment method should also be available for orders from the Magento backend.","This sets if this payment method should also be available for orders from the Magento backend."
"Enabled Alias Manager","Enabled Alias Manager"
"If this option is enabled, the customer's alias data will be saved in the shop. The data can then be used again later if the buyer has stored them permanently on Ingenico ePayments side.","If this option is enabled, the customer's alias data will be saved in the shop. The data can then be used again later if the buyer has stored them permanently on Ingenico ePayments side."
"Aliasusage New","Aliasusage New"
"Here you can enter the desired text which will be displayed on Ingenico ePayments side.","Here you can enter the desired text which will be displayed on Ingenico ePayments side."
"Aliasusage existing Alias","Aliasusage existing Alias"
"Here you can enter the desired text which is used for existing alias, the text will be displayed on Ingenico ePayments","Here you can enter the desired text which is used for existing alias, the text will be displayed on Ingenico ePayments"
"Show Alias Manager information for guests","Show Alias Manager information for guests"
"Allow zero amount authorization","Allow zero amount authorization"
"Only if payment action is authorize.","Only if payment action is authorize."
Logo,Logo
"Logo Position","Logo Position"
"HTP Template Name","HTP Template Name"
"OGONE Alias","OGONE Alias"
"Ingenico ePayments Cc","Ingenico ePayments Cc"
"Ingenico ePayments CashU","Ingenico ePayments CashU"
"Payment from Applicable Countries","Payment from Applicable Countries"
"Payment from Specific Countries","Payment from Specific Countries"
"Ingenico ePayments InterSolve","Ingenico ePayments InterSolve"
"Add one or more brands. In field ""BRAND"" you will have to enter the value you got from Ingenico ePayments.","Add one or more brands. In field ""BRAND"" you will have to enter the value you got from Ingenico ePayments."
"Ingenico ePayments Masterpass","Ingenico ePayments Masterpass"
"Ingenico ePayments GiroPay","Ingenico ePayments GiroPay"
"Ingenico ePayments Paypal","Ingenico ePayments Paypal"
"Ingenico ePaymentsSofortÜberweisung","Ingenico ePaymentsSofortÜberweisung"
Brands,Brands
"Ingenico ePayments IngHomePay","Ingenico ePayments IngHomePay"
"Ingenico ePayments Paysafecard","Ingenico ePayments Paysafecard"
"Ingenico ePayments CbcOnline","Ingenico ePayments CbcOnline"
"Ingenico ePayments FortisPayButton","Ingenico ePayments FortisPayButton"
"Ingenico ePayments PingPing","Ingenico ePayments PingPing"
"Ingenico ePayments Eps","Ingenico ePayments Eps"
"Ingenico ePayments Open Invoice NL","Ingenico ePayments Open Invoice NL"
"Make sure that <em>gender</em> and <em>date of birth</em> are required fields in the checkout. Otherwise this payment method will not be displayed.<br />If AfterPay is the acquirer, it is not possible to perform partial captures.","Make sure that <em>gender</em> and <em>date of birth</em> are required fields in the checkout. Otherwise this payment method will not be displayed.<br />If AfterPay is the acquirer, it is not possible to perform partial captures."
"Request Data Encoding","Request Data Encoding"
"When using Klarna as your aquirer you will need to switch to the option 'Other'.","When using Klarna as your aquirer you will need to switch to the option 'Other'."
"When the option 'Other' is selected the request data will get converted to ASCII chararcters by using the appropriate transliterations for the given locale of the store.","When the option 'Other' is selected the request data will get converted to ASCII chararcters by using the appropriate transliterations for the given locale of the store."
"Show invoice terms link","Show invoice terms link"
"Allows you to display a configurable link to your aquirers invoicing terms and conditions.","Allows you to display a configurable link to your aquirers invoicing terms and conditions."
"Invoice terms title","Invoice terms title"
"Invoice terms URL","Invoice terms URL"
"Ingenico ePayments KbcOnline","Ingenico ePayments KbcOnline"
"Ingenico ePayments PostFinanceEFinance","Ingenico ePayments PostFinanceEFinance"
"Ingenico ePayments DirectDebit","Ingenico ePayments DirectDebit"
Countries,Countries
"Ingenico ePayments IDeal","Ingenico ePayments IDeal"
"Ingenico ePayments EDankort","Ingenico ePayments EDankort"
"Ingenico ePayments Belfius Direct Net","Ingenico ePayments Belfius Direct Net"
"Ingenico ePayments Open Invoice AT","Ingenico ePayments Open Invoice AT"
"Allow for discounted carts","Allow for discounted carts"
"Allow payment method for discounted carts. Please note that not all aquirers support transmission of discount items.","Allow payment method for discounted carts. Please note that not all aquirers support transmission of discount items."
"Ingenico ePayments Open Invoice DE","Ingenico ePayments Open Invoice DE"
"Make sure that <em>gender</em> and <em>date of birth</em> are required fields in the checkout. Otherwise this payment method will not be displayed.","Make sure that <em>gender</em> and <em>date of birth</em> are required fields in the checkout. Otherwise this payment method will not be displayed."
"Ingenico ePayments BankTransfer","Ingenico ePayments BankTransfer"
"Ingenico ePayments KwixoCredit","Ingenico ePayments KwixoCredit"
"Kwixxo Config","Kwixxo Config"
"Estimated Delivery Date","Estimated Delivery Date"
"RNP Fee","RNP Fee"
"Ingenico ePayments KwixoApresReception","Ingenico ePayments KwixoApresReception"
"Ingenico ePayments KwixoComptant","Ingenico ePayments KwixoComptant"
"Existing Ingenico ePayments Transaction","Existing Ingenico ePayments Transaction"
"Ingenico ePayments BCMC","Ingenico ePayments BCMC"
"Ingenico ePayments PayPerMail","Ingenico ePayments PayPerMail"
"Ingenico ePayments ChinaUnionPay","Ingenico ePayments ChinaUnionPay"
"This payment method always uses direct sale as payment action.","This payment method always uses direct sale as payment action."
"Ingenico ePayments Flex payment method","Ingenico ePayments Flex payment method"
"A generic payment method, that lets the customer choose the exact method on Ingenico ePayments side.","A generic payment method, that lets the customer choose the exact method on Ingenico ePayments side."
"Show empty default option","Show empty default option"
"A generic option, that lets the customer choose the exact method on Ingenico ePayments side.","A generic option, that lets the customer choose the exact method on Ingenico ePayments side."
"Default option title","Default option title"
"Title to display for the default option.","Title to display for the default option."
Methods,Methods
"Add one or more methods. In field 'PM' you will have to enter the PM value you got from Ingenico ePayments, same goes for the field 'BRAND'.","Add one or more methods. In field 'PM' you will have to enter the PM value you got from Ingenico ePayments, same goes for the field 'BRAND'."
"Quote #","Quote #"
Payment,Payment
"We'll send your order confirmation here.","We'll send your order confirmation here."
"Cart Subtotal","Cart Subtotal"
Shipping,Shipping
"Not yet calculated","Not yet calculated"
"Order Total","Order Total"
